[
{
 "pk": 1,
        "model": "auth.user",
        "fields": {
            "username": "admin",
            "first_name": "",
            "last_name": "",
            "is_active": true,
            "is_superuser": true,
            "is_staff": true,
            "last_login": "2013-04-26T17:52:09.315Z",
            "groups": [],
            "user_permissions": [],
            "password": "pbkdf2_sha256$10000$3JRZACusPsjj$1Uo6wmZ2lNpJshaBdQGPr5+c33vqrlVhgeJFDpcI5Jc=",
            "email": "admin@admin.com",
            "date_joined": "2013-04-26T17:52:09.315Z"
        }
    },
{"pk": 1, "model": "sites.site", "fields": {"domain": "pyscaler:8000","name": "pyscaler"}},
{"pk": 2, "model": "sites.site", "fields": {"domain": "pyscaler", "name": "pyscaler"}},
{"pk": 1, "model": "control.jvmprofile", "fields": {"user": "", "password": "", "name": "tomcat6_0", "port": 18000}},
{"pk": 2, "model": "control.jvmprofile", "fields": {"user": "", "password": "", "name": "tomcat6_1", "port": 18001}},
{"pk": 1, "model": "control.sshprofile", "fields": {"keyfile": "/home/pyscaler/.ssh/id_rsa", "name": "pyscaler", "user": "pyscaler"}},
{"pk": 2, "model": "control.sshprofile", "fields": {"keyfile": "/home/pyscaler/.ssh/id_rsa", "name": "ec2-user", "user": "ec2-user"}},
{"pk": 1, "model": "control.ec2profile", "fields": {"load_balancer": "pyscaler", "name": "Ec2NodePyScaler", "image_id": "ami-05355a6c", "key_name": "pyscaler", "region": "us-east-1", "user_data": "", "instance_type": "t1.micro", "security_groups": "pyscaler"}}, {"pk": 1, "model": "control.cluster", "fields": {"name": "tomcats"}},
{"pk": 2, "model": "control.cluster", "fields": {"name": "ec2"}},
{"pk": 1, "model": "control.node", "fields": {"name": "localhost", "jvmprofiles": [1, 2], "hostname": "localhost", "sshprofile": 1, "cluster": 1, "ec2profile": 1}},
{"pk": 2, "model": "control.node", "fields": {"name": "pyscaler", "jvmprofiles": [1, 2], "hostname": "jmxscaler", "sshprofile": 1, "cluster": 1, "ec2profile": 1}}, 
{"pk": 1, "model": "control.trigger", "fields": {"timing": 5, "cluster": 1, "enabled": true, "name": "SSHTrigger", "counters": [3, 4, 5]}},
{"pk": 2, "model": "control.trigger", "fields": {"timing": 5, "cluster": 1, "enabled": true, "name": "JMXTrigger", "counters": [1, 2]}},
{"pk": 3, "model": "control.trigger", "fields": {"timing": 0, "cluster": 2, "enabled": true, "name": "deployTomcat", "counters": []}},
{"pk": 1, "model": "monitoring.counter", "fields": {"threshold": "1000", "comparison": ">", "name": "Threading"}},
{"pk": 2, "model": "monitoring.counter", "fields": {"threshold": "1000", "comparison": ">", "name": "HeapMemoryUsage"}},
{"pk": 3, "model": "monitoring.counter", "fields": {"threshold": "1000", "comparison": ">", "name": "getCpu"}},
{"pk": 4, "model": "monitoring.counter", "fields": {"threshold": "1000", "comparison": ">", "name": "getMem"}},
{"pk": 5, "model": "monitoring.counter", "fields": {"threshold": "1000", "comparison": ">", "name": "getSwap"}},
{"pk": 1, "model": "jmx.jmxcounter", "fields": {"attribute": "ThreadCount", "key": "", "mbean": "java.lang:type=Threading"}},
{"pk": 2, "model": "jmx.jmxcounter", "fields": {"attribute": "HeapMemoryUsage", "key": "used", "mbean": "java.lang:type=Memory"}},
{"pk": 3, "model": "ssh.sshcounter", "fields": {"script": "/tools/scripts/getCpu.sh"}},
{"pk": 4, "model": "ssh.sshcounter", "fields": {"script": "/tools/scripts/getMem.sh"}},
{"pk": 5, "model": "ssh.sshcounter", "fields": {"script": "/tools/scripts/getSwap.sh"}},
{"pk": 1, "model": "actions.action", "fields": {"name": "deployTomcat"}},
{"pk": 1, "model": "actions.deployec2node", "fields": {"jvmprofiles": [1], "sshprofile": 1, "ec2profile": 1}},
{"pk": 2, "model": "actions.action", "fields": {"name": "distributeduname"}},
{"pk": 2, "model": "actions.distributedscript", "fields": {"fabfile": "/opt/django/pyscaler/fabfiles/uname.py", "commandLine": "uname"}},
{"pk": 3, "model": "actions.action", "fields": {"name": "localuname"}},
{"pk": 3, "model": "actions.localscript", "fields": {"script": "uname -a"}},
{"pk": 4, "model": "actions.action", "fields": {"name": "miquel_adrover_info"}},
{"pk": 4, "model": "actions.email", "fields": {"content": "miquel@adrover.info", "title": "miquel@adrover.info", "address": "miquel@adrover.info"}},
{"pk": 5, "model": "actions.action", "fields": {"name": "puppetexample"}},
{"pk": 5, "model": "actions.osconfiguration", "fields": {"puppetfile": "/opt/django/pyscaler/puppet/puppetexample.pp"}},
{"pk": 6, "model": "actions.action", "fields": {"name": "puppetTomcat"}},
{"pk": 6, "model": "actions.osconfiguration", "fields": {"puppetfile": "/opt/django/pyscaler/puppet/tomcat.pp"}},
{"pk": 7, "model": "actions.action", "fields": {"name": "initialSetup"}},
{"pk": 7, "model": "actions.distributedscript", "fields": {"fabfile": "/opt/django/pyscaler/fabfiles/initialsetup.py", "commandLine": "initialsetup"}},
{"pk": 8, "model": "actions.action", "fields": {"name": "deploywar"}},
{"pk": 8, "model": "actions.distributedscript", "fields": {"fabfile": "/opt/django/pyscaler/fabfiles/deploywar.py", "commandLine": "deploywar"}},
{"pk": 1, "model": "actions.triggeraction", "fields": {"action": 2, "trigger": 1, "target": "cluster", "order": 1}},
{"pk": 2, "model": "actions.triggeraction", "fields": {"action": 3, "trigger": 1, "target": "lastnode", "order": 2}},
{"pk": 3, "model": "actions.triggeraction", "fields": {"action": 1, "trigger": 3, "target": "cluster", "order": 1}},
{"pk": 4, "model": "actions.triggeraction", "fields": {"action": 6, "trigger": 3, "target": "lastnode", "order": 2}},
{"pk": 2, "model": "djcelery.crontabschedule", "fields": {"month_of_year": "*", "day_of_week": "*", "hour": "*", "minute": "*", "day_of_month": "*"}}, 
{"pk": 2, "model": "djcelery.periodictask", "fields": {"task": "apps.control.tasks.getTriggerCounters", "name": "Execute Trigger Counters", "exchange": null, "last_run_at": "2013-06-06T23:13:00.006Z", "args": "[]", "enabled": true, "routing_key": null, "crontab": 2, "interval": null, "queue": null, "total_run_count": 5, "expires": null, "kwargs": "{}", "date_changed": "2013-06-06T23:13:00.029Z", "description": ""}}
]



